env|max_freq_khz|3900000|p_cpus|15,16,17,18,19,5,6,7,8,9|e_cpus|0,1,10,11,12,13,14,2,3,4
env|p_max_khz|3900000|e_max_khz|2808000
capacity|P|15|1|10105
capacity|P|15|2|10092
capacity|P|15|3|10148
capacity|P|15|4|10159
capacity|P|15|5|10182
capacity|E|0|1|19353
capacity|E|0|2|19132
capacity|E|0|3|19210
capacity|E|0|4|19240
capacity|E|0|5|19240
cost|1W|1|0.006191,0.009193,0.003380,0.003110,0.002668,0.002661,0.010264,0.045041|11159
cost|1W|2|0.005895,0.009047,0.003334,0.003109,0.002677,0.002677,0.010106,0.044857|11189
cost|1W|3|0.005925,0.009130,0.003327,0.003114,0.002672,0.002726,0.010467,0.044912|11167
cost|1W|4|0.005934,0.009146,0.003355,0.003104,0.002673,0.002667,0.009936,0.044698|11199
cost|1W|5|0.005956,0.009018,0.003366,0.003103,0.002687,0.002671,0.009914,0.045013|11181
cost|1W|6|0.005890,0.009063,0.003339,0.003132,0.002679,0.002740,0.009984,0.044710|11204
cost|1W|7|0.006527,0.009183,0.003382,0.003141,0.002672,0.002668,0.010051,0.044982|11178
cost|1W|8|0.005894,0.009267,0.003346,0.003110,0.002669,0.002668,0.009871,0.045195|11189
cost|1W|9|0.005867,0.009193,0.003328,0.003101,0.002667,0.002664,0.009917,0.044741|11180
cost|1W|10|0.005876,0.009175,0.003327,0.003103,0.002669,0.002661,0.009905,0.044758|11202
cost|4W|1|0.006080,0.013754,0.007214,0.004514,0.003119,0.003180,0.013174,0.057345|3041
cost|4W|2|0.005979,0.016980,0.004336,0.003980,0.003246,0.003194,0.012997,0.048856|3042
cost|4W|3|0.005969,0.013900,0.007128,0.004607,0.003104,0.003250,0.013145,0.048713|3061
cost|4W|4|0.005971,0.016229,0.005401,0.004001,0.003280,0.003212,0.013354,0.057363|3048
cost|4W|5|0.006034,0.013736,0.007080,0.003780,0.003152,0.003198,0.012963,0.057044|3013
cost|4W|6|0.006060,0.014652,0.006188,0.004025,0.003241,0.003154,0.012998,0.049207|3024
cost|4W|7|0.006088,0.014175,0.007761,0.004010,0.003370,0.003296,0.013392,0.056314|3017
cost|4W|8|0.005925,0.013414,0.006997,0.003709,0.003159,0.003094,0.013159,0.048427|3077
cost|4W|9|0.006056,0.015109,0.005705,0.004075,0.003211,0.003194,0.013493,0.052925|3030
cost|4W|10|0.006112,0.013810,0.007245,0.003923,0.003163,0.003238,0.012972,0.053282|3051
cost|8W|1|0.006626,0.016411,0.009726,0.004797,0.002942,0.003528,0.010226,0.064822|1587
cost|8W|2|0.006184,0.011772,0.007752,0.004279,0.002680,0.002680,0.010139,0.049658|1605
cost|8W|3|0.006236,0.015556,0.007243,0.003608,0.003312,0.003491,0.014310,0.050687|1592
cost|8W|4|0.006473,0.015794,0.009115,0.004359,0.003259,0.003401,0.014235,0.061849|1602
cost|8W|5|0.006623,0.017080,0.008484,0.004015,0.003416,0.003430,0.014247,0.056721|1587
cost|8W|6|0.006149,0.016116,0.009000,0.004559,0.003376,0.003359,0.014223,0.052521|1596
cost|8W|7|0.006160,0.016801,0.008425,0.004418,0.003446,0.003465,0.014411,0.057325|1585
cost|8W|8|0.006351,0.015387,0.008674,0.004579,0.003342,0.003499,0.014193,0.057292|1599
cost|8W|9|0.006087,0.015514,0.008636,0.004070,0.003430,0.003400,0.014935,0.055031|1581
cost|8W|10|0.006049,0.010265,0.004506,0.004237,0.002658,0.002674,0.010285,0.045725|1601
cost|10W|1|0.007373,0.014850,0.010566,0.003916,0.002933,0.002956,0.010894,0.059663|1347
cost|10W|2|0.006170,0.011581,0.005492,0.008868,0.002720,0.002854,0.010481,0.046649|1352
cost|10W|3|0.006688,0.012097,0.012485,0.003485,0.002767,0.002754,0.011213,0.047687|1344
cost|10W|4|0.006199,0.018908,0.010039,0.003720,0.003160,0.003356,0.014530,0.066122|1338
cost|10W|5|0.006463,0.018420,0.007096,0.004868,0.003443,0.003488,0.014617,0.072158|1368
cost|10W|6|0.006227,0.019199,0.009508,0.004538,0.003420,0.003528,0.014946,0.070852|1356
cost|10W|7|0.006658,0.012213,0.014991,0.004775,0.002839,0.002954,0.011124,0.057899|1348
cost|10W|8|0.006608,0.018449,0.009108,0.004404,0.003230,0.003344,0.015371,0.070152|1341
cost|10W|9|0.006558,0.020045,0.008428,0.004072,0.003277,0.003524,0.014297,0.072213|1356
cost|10W|10|0.006726,0.019446,0.008294,0.004448,0.003452,0.003332,0.015691,0.080058|1367
cost|20W-gated|1|0.006788,0.014051,0.008961,0.007159,0.004439,0.004397,0.021796,0.051345|1229
cost|20W-gated|2|0.012268,0.049196,0.014560,0.013974,0.009121,0.008981,0.039358,0.110060|1222
cost|20W-gated|3|0.006587,0.020183,0.014155,0.007917,0.005277,0.004556,0.023342,0.068710|1206
cost|20W-gated|4|0.006924,0.015514,0.007400,0.007763,0.002744,0.002735,0.015581,0.051921|1227
cost|20W-gated|5|0.011203,0.025876,0.011913,0.011228,0.010190,0.007807,0.021462,0.074897|1169
cost|20W-gated|6|0.006392,0.018335,0.012901,0.010215,0.005047,0.004939,0.022206,0.066227|1222
cost|20W-gated|7|0.013010,0.027851,0.015268,0.011001,0.010201,0.007693,0.022043,0.090129|1229
cost|20W-gated|8|0.011433,0.029813,0.014940,0.014551,0.009723,0.007900,0.020345,0.087957|1221
cost|20W-gated|9|0.006371,0.011873,0.005841,0.008115,0.003648,0.003569,0.013442,0.049133|1304
cost|20W-gated|10|0.011960,0.024083,0.015756,0.011574,0.010650,0.007808,0.020840,0.097992|1218
cost|20W-notp|1|0.006926,0.023319,0.014381,0.007345,0.005596,0.003959,0.022184,0.077052|1162
cost|20W-notp|2|0.011874,0.027014,0.014813,0.012549,0.008503,0.007574,0.021963,0.081219|1095
cost|20W-notp|3|0.012011,0.042504,0.013448,0.014700,0.009797,0.008987,0.039088,0.111954|1147
cost|20W-notp|4|0.011718,0.027219,0.016303,0.010572,0.008904,0.007605,0.021182,0.078353|1118
cost|20W-notp|5|0.011796,0.026608,0.011103,0.010994,0.009840,0.008786,0.021256,0.085744|1106
cost|20W-notp|6|0.012303,0.028792,0.012609,0.011089,0.010580,0.007654,0.022308,0.074724|1137
cost|20W-notp|7|0.006323,0.019518,0.009503,0.006472,0.005323,0.005321,0.023476,0.062849|1136
cost|20W-notp|8|0.006956,0.026199,0.012246,0.006273,0.004977,0.004309,0.021664,0.071086|1098
cost|20W-notp|9|0.006725,0.013411,0.004173,0.006413,0.003427,0.002758,0.019091,0.053716|1126
cost|20W-notp|10|0.006178,0.018836,0.012086,0.010451,0.005276,0.005131,0.023234,0.065811|1146
perfrun|1|/home/lab_iot/FSRCNN/sync-pilot/example/fsrcnn/paperdata/out/20260805-160940/runlogs/perf_1w.log
perfrun|4|/home/lab_iot/FSRCNN/sync-pilot/example/fsrcnn/paperdata/out/20260805-160940/runlogs/perf_4w.log
perfrun|8|/home/lab_iot/FSRCNN/sync-pilot/example/fsrcnn/paperdata/out/20260805-160940/runlogs/perf_8w.log
perfrun|10|/home/lab_iot/FSRCNN/sync-pilot/example/fsrcnn/paperdata/out/20260805-160940/runlogs/perf_10w.log
perfrun|20|/home/lab_iot/FSRCNN/sync-pilot/example/fsrcnn/paperdata/out/20260805-160940/runlogs/perf_20w.log
exp|EXP2_P_only_pinned_P|/home/lab_iot/FSRCNN/sync-pilot/example/fsrcnn/paperdata/out/20260805-160940/runlogs/EXP2_P_only_pinned_P.log
exp|EXP4_full20_counters_P|/home/lab_iot/FSRCNN/sync-pilot/example/fsrcnn/paperdata/out/20260805-160940/runlogs/EXP4_full20_counters_P.log
exp|EXP3_full20_counters_E|/home/lab_iot/FSRCNN/sync-pilot/example/fsrcnn/paperdata/out/20260805-160940/runlogs/EXP3_full20_counters_E.log
gprof|10|/home/lab_iot/FSRCNN/sync-pilot/example/fsrcnn/paperdata/out/20260805-160940/runlogs/gprof_10w.txt
gprof|20|/home/lab_iot/FSRCNN/sync-pilot/example/fsrcnn/paperdata/out/20260805-160940/runlogs/gprof_20w.txt
